,NOX,RM,DIS,RAD,TAX,PTRATIO,B,MEDV,nCRIM,nZN,nINDUS,nCHAS,nAGE,nLSTAT
0,0.538,6.575,4.09,1,296,15.3,396.9,24.0,0.00632,18.0,2.31,0.0,65.2,4.98
1,0.469,6.421,4.9671,2,242,17.8,396.9,21.6,0.02731,0.0,7.07,0.0,78.9,9.14
2,0.469,7.185,4.9671,2,242,17.8,392.83,34.7,0.02729,0.0,7.07,0.0,61.1,4.03
3,0.458,6.998,6.0622,3,222,18.7,394.63,33.4,0.03237,0.0,2.18,0.0,45.8,2.94
4,0.458,7.147,6.0622,3,222,18.7,396.9,36.2,0.06905,0.0,2.18,0.0,54.2,2.6457979580055824
5,0.458,6.43,6.0622,3,222,18.7,394.12,28.7,0.02985,0.0,2.18,0.0,58.7,5.21
6,0.524,6.012,5.5605,5,311,15.2,395.6,22.9,0.08829,12.5,7.87,0.0,66.6,12.43
7,0.524,6.172,5.9505,5,311,15.2,396.9,27.1,0.14455,12.5,7.87,0.0,96.1,19.15
8,0.524,5.631,6.0821,5,311,15.2,386.63,16.5,0.21124,12.5,7.87,0.0,100.0,29.93
9,0.524,6.004,6.5921,5,311,15.2,386.71,18.9,0.17004,12.5,7.87,0.0,85.9,17.1
10,0.524,6.377,6.3467,5,311,15.2,392.52,15.0,0.22489,12.5,7.87,0.0,94.3,20.45
11,0.524,6.009,6.2267,5,311,15.2,396.9,18.9,0.11747,12.5,7.87,0.0,82.9,13.27
12,0.524,5.889,5.4509,5,311,15.2,390.5,21.7,0.09378,12.5,7.87,0.0,39.0,15.71
13,0.538,5.949,4.7075,4,307,21.0,396.9,20.4,0.62976,0.0,8.14,0.0,61.8,8.26
14,0.538,6.096,4.4619,4,307,21.0,380.02,18.2,0.63796,0.0,8.14,0.0,84.5,10.26
15,0.538,5.834,4.4986,4,307,21.0,395.62,19.9,0.62739,0.0,8.14,0.0,56.5,8.47
16,0.538,5.935,4.4986,4,307,21.0,386.85,23.1,1.05393,0.0,8.14,0.0,29.3,6.58
17,0.538,5.99,4.2579,4,307,21.0,386.75,17.5,0.7842,0.0,8.14,0.0,81.7,14.67
18,0.538,5.456,3.7965,4,307,21.0,288.99,20.2,0.80271,0.0,8.14,0.0,36.6,11.69
19,0.538,5.727,3.7965,4,307,21.0,390.95,18.2,0.7258,0.0,8.14,0.0,69.5,11.28
20,0.538,5.57,3.7979,4,307,21.0,376.57,13.6,1.25179,0.0,8.14,0.0,98.1,21.02
21,0.538,5.965,4.0123,4,307,21.0,392.53,19.6,0.85204,0.0,8.14,0.0,89.2,13.83
22,0.538,6.142,3.9769,4,307,21.0,396.9,15.2,1.23247,0.0,8.14,0.0,91.7,18.72
23,0.538,5.813,4.0952,4,307,21.0,394.54,14.5,0.98843,0.0,8.14,0.0,100.0,19.88
24,0.538,5.924,4.3996,4,307,21.0,394.33,15.6,0.75026,0.0,8.14,0.0,94.1,16.3
25,0.538,5.599,4.4546,4,307,21.0,303.42,13.9,0.84054,0.0,8.14,0.0,85.7,16.51
26,0.538,5.813,4.682,4,307,21.0,376.88,16.6,0.67191,0.0,8.14,0.0,90.3,14.81
27,0.538,6.047,4.4534,4,307,21.0,306.38,14.8,0.95577,0.0,8.14,0.0,88.8,17.28
28,0.538,6.495,4.4547,4,307,21.0,387.94,18.4,0.77299,0.0,8.14,0.0,94.4,12.8
29,0.538,6.674,4.239,4,307,21.0,380.23,21.0,1.00245,0.0,8.14,0.0,87.3,11.98
30,0.538,5.713,4.233,4,307,21.0,360.17,12.7,1.13081,0.0,8.14,0.0,94.1,22.6
31,0.538,6.072,4.175,4,307,21.0,376.73,14.5,1.35472,0.0,8.14,0.0,100.0,13.04
32,0.538,5.95,3.99,4,307,21.0,232.6,13.2,1.38799,0.0,8.14,0.0,82.0,27.71
33,0.538,5.701,3.7872,4,307,21.0,358.77,13.1,1.15172,0.0,8.14,0.0,95.0,18.35
34,0.538,6.096,3.7598,4,307,21.0,248.31,13.5,1.61282,0.0,8.14,0.0,96.9,20.34
35,0.499,5.933,3.3603,5,279,19.2,396.9,18.9,0.06417,0.0,5.96,0.0,68.2,17.41469707808122
36,0.499,5.841,3.3779,5,279,19.2,377.56,20.0,0.09744,0.0,5.96,0.0,61.4,11.41
37,0.499,5.85,3.9342,5,279,19.2,396.9,21.0,0.08014,0.0,5.96,0.0,41.5,8.77
38,0.499,5.966,3.8473,5,279,19.2,393.43,24.7,0.17505,0.0,5.96,0.0,30.2,10.13
39,0.428,6.595,5.4011,3,252,18.3,395.63,30.8,0.02763,75.0,2.95,0.0,21.8,4.32
40,0.428,7.024,5.4011,3,252,18.3,395.62,34.9,0.03359,75.0,2.95,0.0,15.8,1.98
41,0.448,6.77,5.7209,3,233,17.9,385.41,26.6,0.12744,0.0,6.91,0.0,2.9,4.84
42,0.448,6.169,5.7209,3,233,17.9,383.37,25.3,0.1415,0.0,6.91,0.0,6.6,5.81
43,0.448,6.211,5.7209,3,233,17.9,394.46,24.7,0.15936,0.0,6.91,0.0,6.5,7.44
44,0.448,6.069,5.7209,3,233,17.9,389.39,21.2,0.12269,0.0,6.91,0.0,40.0,9.55
45,0.448,5.682,5.1004,3,233,17.9,396.9,19.3,0.17142,0.0,6.91,0.0,33.8,10.21
46,0.448,5.786,5.1004,3,233,17.9,396.9,20.0,0.18836,0.0,6.91,0.0,33.3,14.15
47,0.448,6.03,5.6894,3,233,17.9,392.74,16.6,0.22927,0.0,6.91,0.0,85.5,18.8
48,0.448,5.399,5.87,3,233,17.9,396.9,14.4,0.25387,0.0,6.91,0.0,95.3,30.81
49,0.448,5.602,6.0877,3,233,17.9,396.9,19.4,0.21977,0.0,6.91,0.0,62.0,16.2
50,0.439,5.963,6.8147,4,243,16.8,395.56,19.7,0.08873,21.0,5.64,0.0,45.7,13.45
51,0.439,6.115,6.8147,4,243,16.8,393.97,20.5,0.04337,21.0,5.64,0.0,63.0,9.43
52,0.439,6.511,6.8147,4,243,16.8,396.9,25.0,0.0536,21.0,5.64,0.0,21.1,5.28
53,0.439,5.998,6.8147,4,243,16.8,396.9,23.4,0.03728957334803668,21.0,5.64,0.0,21.4,8.43
54,0.41,5.888,7.3197,3,469,21.1,396.9,18.9,0.0136,75.0,4.0,0.0,47.6,14.8
55,0.403,7.249,8.6966,5,226,17.9,395.93,35.4,0.01311,90.0,1.22,0.0,21.9,4.81
56,0.41,6.383,9.1876,2,313,17.3,396.9,24.7,0.02055,85.0,0.74,0.0,35.7,5.77
57,0.411,6.816,8.3248,5,256,15.1,392.9,31.6,0.01432,100.0,1.32,0.0,40.5,3.95
58,0.453,6.145,7.8148,8,284,19.7,390.68,23.3,0.15445,25.0,5.13,0.0,29.2,6.86
59,0.453,5.927,6.932,8,284,19.7,396.9,19.6,0.10328,25.0,5.13,0.0,47.2,9.22
60,0.453,5.741,7.2254,8,284,19.7,395.11,18.7,0.14932,25.0,5.13,0.0,66.2,13.15
61,0.453,5.966,6.8185,8,284,19.7,378.08,16.0,0.17171,25.0,5.13,0.0,93.4,14.44
62,0.453,6.456,7.2255,8,284,19.7,396.9,22.2,0.11027,25.0,5.13,0.0,67.8,6.73
63,0.453,6.762,7.9809,8,284,19.7,395.58,25.0,0.1265,25.0,5.13,0.0,43.4,9.5
64,0.4161,7.104,9.2229,3,216,18.6,393.24,33.0,0.01951,17.5,1.38,0.0,59.5,8.05
65,0.398,6.29,6.6115,4,337,16.1,396.9,23.5,0.03584,80.0,3.37,0.0,17.8,4.67
66,0.398,5.787,6.6115,4,337,16.1,396.9,19.4,0.04379,80.0,3.37,0.0,31.1,10.24
67,0.409,5.878,6.498,4,345,18.9,396.21,22.0,0.05789,12.5,6.07,0.0,21.4,8.1
68,0.409,5.594,6.498,4,345,18.9,396.9,17.4,0.13554,12.5,6.07,0.0,36.8,13.09
69,0.409,5.885,6.498,4,345,18.9,396.9,20.9,0.12816,12.5,6.07,0.0,33.0,8.79
70,0.413,6.417,5.2873,4,305,19.2,383.73,24.2,0.08826,0.0,10.81,0.0,6.6,6.72
71,0.413,5.961,5.2873,4,305,19.2,376.94,21.7,0.15876,0.0,10.81,0.0,17.5,9.88
72,0.413,6.065,5.2873,4,305,19.2,390.91,22.8,0.09164,0.0,10.81,0.0,7.8,5.52
73,0.413,6.245,5.2873,4,305,19.2,377.17,23.4,0.19539,0.0,10.81,0.0,6.2,4.740341282607122
74,0.437,6.273,4.2515,5,398,18.7,394.92,24.1,0.07896,0.0,12.83,0.0,18.194905633817186,6.78
75,0.437,6.286,4.5026,5,398,18.7,383.23,21.4,0.09512,0.0,12.83,0.0,45.0,8.94
76,0.437,6.279,4.0522,5,398,18.7,373.66,20.0,0.10153,0.0,12.83,0.0,74.5,11.97
77,0.437,6.14,4.0905,5,398,18.7,386.96,20.8,0.08707,0.0,12.83,0.0,45.8,10.27
78,0.437,6.232,5.0141,5,398,18.7,386.4,21.2,0.05646,0.0,12.83,0.0,53.7,12.34
79,0.437,5.874,4.5026,5,398,18.7,396.06,20.3,0.08387,0.0,12.83,0.0,36.6,8.905165841827351
80,0.426,6.727,5.4007,4,281,19.0,396.9,28.0,0.04113,25.0,4.86,0.0,33.5,5.29
81,0.426,6.619,5.4007,4,281,19.0,395.63,23.9,0.04462,25.0,4.86,0.0,70.4,7.22
82,0.426,6.302,5.4007,4,281,19.0,396.9,24.8,0.03659,25.0,4.86,0.0,32.2,6.72
83,0.426,6.167,5.4007,4,281,19.0,390.64,22.9,0.03551,25.0,4.86,0.0,46.7,7.51
84,0.449,6.389,4.7794,3,247,18.5,396.9,23.9,0.05059,0.0,4.49,0.0,48.0,9.62
85,0.449,6.63,4.4377,3,247,18.5,392.3,26.6,0.05735,0.0,4.49,0.0,56.1,6.53
86,0.449,6.015,4.4272,3,247,18.5,395.99,22.5,0.05188,0.0,4.49,0.0,45.1,12.86
87,0.449,6.121,3.7476,3,247,18.5,395.15,22.2,0.07151,0.0,4.49,0.0,56.8,10.753429075246025
88,0.489,7.007,3.4217,2,270,17.8,396.9,23.6,0.0566,0.0,3.41,0.0,86.3,5.5
89,0.489,7.079,3.4145,2,270,17.8,396.06,28.7,0.05302,0.0,3.41,0.0,63.1,5.7
90,0.489,6.417,3.0923,2,270,17.8,392.18,22.6,0.04684,0.0,3.41,0.0,66.1,8.81
91,0.489,6.405,3.0921,2,270,17.8,393.55,22.0,0.03932,0.0,3.41,0.0,73.9,8.2
92,0.464,6.442,3.6659,4,270,18.2,395.01,22.9,0.04203,0.0,15.04,0.0,53.6,8.16
93,0.464,6.211,3.6659,4,270,18.2,396.33,25.0,0.02875,28.0,15.04,0.0,28.9,6.21
94,0.464,6.249,3.615,4,270,18.2,396.9,20.6,0.04294,28.0,15.04,0.0,77.3,10.59
95,0.445,6.625,3.4952,2,276,18.0,357.98,28.4,0.12204,0.0,2.89,0.0,57.8,6.65
96,0.445,6.163,3.4952,2,276,18.0,391.83,21.4,0.11504,0.0,2.89,0.0,69.6,11.34
97,0.445,8.069,3.4952,2,276,18.0,396.9,38.7,0.12083,0.0,2.89,0.0,76.0,4.21
98,0.445,7.82,3.4952,2,276,18.0,393.53,43.8,0.08187,0.0,2.89,0.0,36.9,3.57
99,0.445,7.416,3.4952,2,276,18.0,396.9,33.2,0.0686,0.0,2.89,0.0,62.5,6.19
100,0.52,6.727,2.7778,5,384,20.9,394.76,27.5,0.14866,0.0,8.56,0.0,79.9,9.42
101,0.52,6.781,2.8561,5,384,20.9,395.58,26.5,0.11432,0.0,8.56,0.0,71.3,7.67
102,0.52,6.405,2.7147,5,384,20.9,70.8,18.6,0.22876,0.0,8.56,0.0,85.4,10.63
103,0.52,6.137,2.7147,5,384,20.9,394.47,19.3,0.21161,0.0,8.56,0.0,89.57323222471996,13.44
104,0.52,6.167,2.421,5,384,20.9,392.69,20.1,0.1396,0.0,8.56,0.0,90.0,12.33
105,0.52,5.851,2.1069,5,384,20.9,394.05,19.5,0.13262,0.0,8.56,0.0,96.7,16.47
106,0.52,5.836,2.211,5,384,20.9,395.67,19.5,0.1712,0.0,8.56,0.0,91.9,18.66
107,0.52,6.127,2.1224,5,384,20.9,387.69,20.4,0.13117,0.0,8.56,0.0,85.2,14.09
108,0.52,6.474,2.4329,5,384,20.9,395.24,19.8,0.12802,0.0,8.56,0.0,97.1,12.27
109,0.52,6.229,2.5451,5,384,20.9,391.23,19.4,0.26363,0.0,8.56,0.0,91.2,15.55
110,0.52,6.195,2.7778,5,384,20.9,393.49,21.7,0.10793,0.0,8.56,0.0,54.4,13.0
111,0.547,6.715,2.6775,6,432,17.8,395.59,22.8,0.10084,0.0,10.01,0.0,81.6,10.16
112,0.547,5.913,2.3534,6,432,17.8,394.95,18.8,0.12329,0.0,10.01,0.0,92.9,16.21
113,0.547,6.092,2.548,6,432,17.8,396.9,18.7,0.22212,0.0,10.01,0.0,95.4,17.09
114,0.547,6.254,2.2565,6,432,17.8,388.74,18.5,0.14231,0.0,10.01,0.0,84.2,10.45
115,0.547,5.928,2.4631,6,432,17.8,344.91,18.3,0.11099443546814716,0.0,10.01,0.0,88.2,15.76
116,0.547,6.176,2.7301,6,432,17.8,393.3,21.2,0.13158,0.0,10.01,0.0,72.5,13.256314192649473
117,0.547,6.021,2.7474,6,432,17.8,394.51,19.2,0.15098,0.0,10.01,0.0,82.6,10.3
118,0.547,5.872,2.4775,6,432,17.8,338.63,20.4,0.13058,0.0,10.01,0.0,73.1,15.37
119,0.547,5.731,2.7592,6,432,17.8,391.5,19.3,0.14476,0.0,10.01,0.0,65.2,13.61
120,0.581,5.87,2.2577,2,188,19.1,389.15,22.0,0.06899,0.0,25.65,0.0,69.7,14.37
121,0.581,6.004,2.1974,2,188,19.1,377.67,20.3,0.07165,0.0,25.65,0.0,84.1,14.27
122,0.581,5.961,2.0869,2,188,19.1,378.09,20.5,0.09299,0.0,25.65,0.0,92.9,17.93
123,0.581,5.856,1.9444,2,188,19.1,370.31,17.3,0.15038,0.0,25.65,0.0,97.0,25.41
124,0.581,5.879,2.0063,2,188,19.1,379.38,18.8,0.09849,0.0,25.65,0.0,95.8,17.58
125,0.581,5.986,1.9929,2,188,19.1,385.02,21.4,0.16902,0.0,25.65,0.0,88.4,14.81
126,0.581,5.613,1.7572,2,188,19.1,359.29,15.7,0.38735,0.0,25.65,0.0,89.87599521217979,27.26
127,0.624,5.693,1.7883,4,437,21.2,392.11,16.2,0.25915,0.0,21.89,0.0,96.0,17.19
128,0.624,6.431,1.8125,4,437,21.2,396.9,18.0,0.32543,0.0,21.89,0.0,98.8,15.39
129,0.624,5.637,1.9799,4,437,21.2,396.9,14.3,0.88125,0.0,21.89,0.0,94.7,18.34
130,0.624,6.458,2.1185,4,437,21.2,395.04,19.2,0.34006,0.0,21.89,0.0,98.9,12.6
131,0.624,6.326,2.271,4,437,21.2,396.9,19.6,1.19294,0.0,21.89,0.0,97.7,12.26
132,0.624,6.372,2.3274,4,437,21.2,385.76,23.0,0.59005,0.0,21.89,0.0,97.9,11.12
133,0.624,5.822,2.4699,4,437,21.2,388.69,18.4,0.32982,0.0,21.89,0.0,95.4,15.03
134,0.624,5.757,2.346,4,437,21.2,262.76,15.6,0.97617,0.0,21.89,0.0,98.4,17.31
135,0.624,6.335,2.1107,4,437,21.2,394.67,18.1,0.55778,0.0,21.89,0.0,98.2,16.96
136,0.624,5.942,1.9669,4,437,21.2,378.25,17.4,0.32264,0.0,21.89,0.0,93.5,16.9
137,0.624,6.454,1.8498,4,437,21.2,394.08,17.1,0.35233,0.0,21.89,0.0,98.4,14.59
138,0.624,5.857,1.6686,4,437,21.2,392.04,13.3,0.2498,0.0,21.89,0.0,100.54831616458762,21.32
139,0.624,6.151,1.6687,4,437,21.2,396.9,17.8,0.54452,0.0,21.89,0.0,97.9,18.46
140,0.624,6.174,1.6119,4,437,21.2,388.08,14.0,0.2909,0.0,21.89,0.0,93.6,24.16
141,0.624,5.019,1.4394,4,437,21.2,396.9,14.4,1.62864,0.0,21.89,0.0,100.0,34.41
142,0.871,5.403,1.3216,5,403,14.7,396.9,13.4,3.32105,0.0,19.58,1.0,100.0,26.82
143,0.871,5.468,1.4118,5,403,14.7,396.9,15.6,4.0974,0.0,19.58,0.0,100.0,26.42
144,0.871,4.903,1.3459,5,403,14.7,396.9,11.8,2.77974,0.0,19.58,0.0,97.8,29.29
145,0.871,6.13,1.4191,5,403,14.7,172.91,13.8,2.37934,0.0,19.58,0.0,100.0,27.8
146,0.871,5.628,1.5166,5,403,14.7,169.27,15.6,2.15505,0.0,19.58,0.0,100.0,16.65
147,0.871,4.926,1.4608,5,403,14.7,391.71,14.6,2.36862,0.0,19.58,0.0,95.7,29.53
148,0.871,5.186,1.5296,5,403,14.7,356.99,17.8,2.33099,0.0,19.58,0.0,93.8,28.32
149,0.871,5.597,1.5257,5,403,14.7,351.85,15.4,2.73397,0.0,19.58,0.0,94.9,21.45
150,0.871,6.122,1.618,5,403,14.7,372.8,21.5,1.6566,0.0,19.58,0.0,100.73115485066866,14.1
151,0.871,5.404,1.5916,5,403,14.7,341.6,19.6,1.49632,0.0,19.58,0.0,100.0,13.28
152,0.871,5.012,1.6102,5,403,14.7,343.28,15.3,1.12658,0.0,19.58,0.0,88.0,12.12
153,0.871,5.709,1.6232,5,403,14.7,261.95,19.4,2.14918,0.0,19.58,0.0,98.5,15.79
154,0.871,6.129,1.7494,5,403,14.7,321.02,17.0,1.41385,0.0,19.58,1.0,96.0,15.12
155,0.871,6.152,1.7455,5,403,14.7,88.01,15.6,3.53501,0.0,19.58,1.0,93.34922318549978,15.02
156,0.871,5.272,1.7364,5,403,14.7,88.63,13.1,2.44668,0.0,19.58,0.0,94.0,16.14
157,0.605,6.943,1.8773,5,403,14.7,363.43,41.3,1.22358,0.0,19.58,0.0,97.4,4.59
158,0.605,6.066,1.7573,5,403,14.7,353.89,24.3,1.34284,0.0,19.58,0.0,100.0,6.43
159,0.871,6.51,1.7659,5,403,14.7,364.31,23.3,1.42502,0.0,19.58,0.0,100.0,7.39
160,0.605,6.25,1.7984,5,403,14.7,338.92,27.0,1.27346,0.0,19.58,1.0,92.6,5.5
161,0.605,7.489,1.9709,5,403,14.7,374.43,50.0,1.46336,0.0,19.58,0.0,90.8,1.73
162,0.605,7.802,2.0407,5,403,14.7,389.61,50.0,1.83377,0.0,19.58,1.0,98.2,1.92
163,0.605,8.375,2.162,5,403,14.7,388.45,50.0,1.51902,0.0,19.58,1.0,96.60737106206872,3.32
164,0.605,5.854,2.422,5,403,14.7,395.11,22.7,2.24236,0.0,19.58,0.0,91.8,11.64
165,0.605,6.101,2.2834,5,403,14.7,240.16,25.0,2.924,0.0,19.58,0.0,93.0,9.81
166,0.605,7.929,2.0459,5,403,14.7,369.3,50.0,2.01019,0.0,19.58,0.0,96.2,3.7
167,0.605,5.877,2.4259,5,403,14.7,227.61,23.8,1.80028,0.0,19.58,0.0,79.2,12.14
168,0.605,6.319,2.1,5,403,14.7,297.09,23.8,2.3004,0.0,19.58,0.0,96.1,11.1
169,0.605,6.402,2.2625,5,403,14.7,330.04,22.3,2.44953,0.0,19.58,0.0,95.2,11.32
170,0.605,5.875,2.4259,5,403,14.7,292.29,17.4,1.20742,0.0,19.58,0.0,94.6,14.43
171,0.605,5.88,2.3887,5,403,14.7,348.13,19.1,2.3139,0.0,19.58,0.0,97.3,12.03
172,0.51,5.572,2.5961,5,296,16.6,396.9,23.1,0.13914,0.0,4.05,0.0,88.5,14.69
173,0.51,6.416,2.6463,5,296,16.6,395.5,23.6,0.09178,0.0,4.05,0.0,84.66149025634357,9.04
174,0.51,5.859,2.7019,5,296,16.6,393.23,22.6,0.08447,0.0,4.05,0.0,68.7,9.64
175,0.51,6.546,3.1323,5,296,16.6,390.96,29.4,0.06664,0.0,4.05,0.0,33.1,5.33
176,0.51,6.02,3.5549,5,296,16.6,393.23,23.2,0.07022,0.0,4.05,0.0,47.2,10.11
177,0.51,6.315,3.3175,5,296,16.6,395.6,24.6,0.05425,0.0,4.05,0.0,73.4,6.29
178,0.51,6.86,2.9153,5,296,16.6,391.27,29.9,0.06642,0.0,4.05,0.0,74.4,6.92
179,0.488,6.98,2.829,3,193,17.8,396.9,37.2,0.0578,0.0,2.46,0.0,58.4,5.04
180,0.488,7.765,2.741,3,193,17.8,395.56,39.8,0.06588,0.0,2.46,0.0,83.3,7.56
181,0.488,6.144,2.5979,3,193,17.8,396.9,36.2,0.06888,0.0,2.46,0.0,62.2,9.45
182,0.488,7.155,2.7006,3,193,17.8,394.12,37.9,0.09103,0.0,2.46,0.0,92.2,4.82
183,0.488,6.563,2.847,3,193,17.8,396.9,32.5,0.09644242468378793,0.0,2.46,0.0,95.6,5.68
184,0.488,5.604,2.9879,3,193,17.8,391.0,26.4,0.08308,0.0,2.46,0.0,89.8,13.98
185,0.488,6.153,3.2797,3,193,17.8,387.11,29.6,0.06047,0.0,2.46,0.0,68.8,13.15
186,0.488,7.831,3.1992,3,193,17.8,392.63,50.0,0.05602,0.0,2.46,0.0,53.6,4.45
187,0.437,6.782,3.7886,5,398,15.2,393.87,32.0,0.07875,45.0,3.44,0.0,41.1,6.68
188,0.437,6.556,4.5667,5,398,15.2,382.84,29.8,0.12579,45.0,3.44,0.0,29.1,4.56
189,0.437,7.185,4.5667,5,398,15.2,396.9,34.9,0.0837,45.0,3.44,0.0,38.9,5.39
190,0.437,6.951,6.4798,5,398,15.2,377.68,37.0,0.09068,45.0,3.44,0.0,21.5,5.1
191,0.437,6.739,6.4798,5,398,15.2,389.71,30.5,0.08116481124140129,45.0,3.44,0.0,30.8,4.69
192,0.437,7.178,6.4798,5,398,15.2,390.49,36.4,0.04558751653653812,45.0,3.44,0.0,26.3,2.87
193,0.401,6.8,6.2196,1,265,15.6,393.37,31.1,0.02187,60.0,2.93,0.0,18.319198090724587,5.03
194,0.401,6.604,6.2196,1,265,15.6,376.7,29.1,0.01439,60.0,2.93,0.0,18.8,4.38
195,0.422,7.875,5.6484,4,255,14.4,394.23,50.0,0.01381,80.0,0.46,0.0,32.0,2.97
196,0.404,7.287,7.309,2,329,12.6,396.9,33.3,0.03209504856175359,80.0,1.52,0.0,34.1,4.08
197,0.404,7.107,7.309,2,329,12.6,354.31,30.3,0.04666,80.0,1.52,0.0,36.6,8.61
198,0.404,7.274,7.309,2,329,12.6,392.2,34.6,0.03768,80.0,1.52,0.0,38.3,6.62
199,0.403,6.975,7.6534,3,402,17.0,396.9,34.9,0.0315,95.0,1.47,0.0,15.3,4.56
200,0.403,7.135,7.6534,3,402,17.0,384.3,32.9,0.01778,95.0,1.47,0.0,13.9,4.45
201,0.415,6.162,6.27,2,348,14.7,393.77,24.1,0.03445,82.5,2.03,0.0,38.4,7.43
202,0.415,7.61,6.27,2,348,14.7,395.38,42.3,0.02177,82.5,2.03,0.0,15.7,3.11
203,0.4161,7.853,5.118,4,224,14.7,392.78,48.5,0.0351,95.0,2.68,0.0,33.2,3.81
204,0.4161,8.034,5.118,4,224,14.7,390.55,50.0,0.02009,95.0,2.68,0.0,31.9,2.88
205,0.489,5.891,3.9454,4,277,18.6,396.9,22.6,0.13642,95.0,10.59,0.0,22.3,10.87
206,0.489,6.326,4.3549,4,277,18.6,394.87,24.4,0.22969,0.0,10.59,0.0,52.5,10.97
207,0.489,5.783,4.3549,4,277,18.6,389.43,22.5,0.25199,0.0,10.59,0.0,72.7,10.442756525180828
208,0.489,6.064,4.2392,4,277,18.6,381.32,24.4,0.13587,0.0,10.59,1.0,59.1,14.66
209,0.489,5.344,3.875,4,277,18.6,396.9,20.0,0.43571,0.0,10.59,1.0,100.0,23.09
210,0.489,5.96,3.8771,4,277,18.6,393.25,21.7,0.17446,0.0,10.59,1.0,92.1,17.27
211,0.489,5.404,3.665,4,277,18.6,395.24,19.3,0.37578,0.0,10.59,1.0,88.6,23.98
212,0.489,5.807,3.6526,4,277,18.6,390.94,22.4,0.21719,0.0,10.59,1.0,53.8,16.03
213,0.489,6.375,3.9454,4,277,18.6,385.81,28.1,0.14052,0.0,10.59,0.0,32.3,9.38
214,0.489,5.412,3.5875,4,277,18.6,348.93,23.7,0.28955,0.0,10.59,0.0,9.8,29.55
215,0.489,6.182,3.9454,4,277,18.6,393.63,25.0,0.19802,0.0,10.59,0.0,22.638516311314703,9.47
216,0.55,5.888,3.1121,5,276,16.4,392.8,23.3,0.0456,0.0,13.89,1.0,56.0,13.51
217,0.55,6.642,3.4211,5,276,16.4,392.78,28.7,0.07013,0.0,13.89,0.0,85.1,9.69
218,0.55,5.951,2.8893,5,276,16.4,396.9,21.5,0.11069,0.0,13.89,1.0,93.8,17.92
219,0.55,6.373,3.3633,5,276,16.4,393.74,23.0,0.11425,0.0,13.89,1.0,92.4,10.5
220,0.507,6.951,2.8617,8,307,17.4,391.7,26.7,0.35809,0.0,6.2,1.0,88.5,9.71
221,0.507,6.164,3.048,8,307,17.4,395.24,21.7,0.40771,0.0,6.2,1.0,91.3,21.46
222,0.507,6.879,3.2721,8,307,17.4,390.39,27.5,0.62356,0.0,6.2,1.0,77.7,9.93
223,0.507,6.618,3.2721,8,307,17.4,396.9,30.1,0.6147,0.0,6.2,0.0,80.8,7.6
224,0.504,8.266,2.8944,8,307,17.4,385.05,44.8,0.31533,0.0,6.2,0.0,78.3,4.14
225,0.504,8.725,2.8944,8,307,17.4,382.0,50.0,0.52693,0.0,6.2,0.0,83.0,4.63
226,0.504,8.04,3.2157,8,307,17.4,387.38,37.6,0.38214,0.0,6.2,0.0,86.5,6.2462027813391385
227,0.504,7.163,3.2157,8,307,17.4,372.08,31.6,0.41238,0.0,6.2,0.0,79.9,6.36
228,0.504,7.686,3.3751,8,307,17.4,377.51,46.7,0.29819,0.0,6.2,0.0,17.0,3.062484693299308
229,0.504,6.552,3.3751,8,307,17.4,380.34,31.5,0.41245154416063534,0.0,6.2,0.0,21.4,3.76
230,0.504,5.981,3.6715,8,307,17.4,378.35,24.3,0.537,0.0,6.2,0.0,68.1,11.65
231,0.504,7.412,3.6715,8,307,17.4,376.14,31.7,0.46296,0.0,6.2,0.0,76.9,5.25
232,0.507,8.337,3.8384,8,307,17.4,385.91,41.7,0.57529,0.0,6.2,0.0,73.3,2.47
233,0.507,8.247,3.6519,8,307,17.4,378.95,48.3,0.33147,0.0,6.2,0.0,70.68328682719425,3.95
234,0.507,6.726,3.6519,8,307,17.4,360.2,29.0,0.44791,0.0,6.2,1.0,66.5,8.05
235,0.507,6.086,3.6519,8,307,17.4,376.75,24.0,0.33045,0.0,6.2,0.0,61.5,10.88
236,0.507,6.631,4.148,8,307,17.4,388.45,25.1,0.4828616311862576,0.0,6.2,1.0,76.5,9.54
237,0.507,7.358,4.148,8,307,17.4,390.07,31.5,0.51183,0.0,6.2,0.0,71.6,4.73
238,0.428,6.481,6.1899,6,300,16.6,379.41,23.7,0.08244,0.0,4.93,0.0,18.5,6.36
239,0.428,6.606,6.1899,6,300,16.6,383.78,23.3,0.09252,30.0,4.93,0.0,42.2,7.37
240,0.428,6.897,6.3361,6,300,16.6,391.25,22.0,0.11329,30.0,4.93,0.0,54.3,11.38
241,0.428,6.095,6.3361,6,300,16.6,394.62,20.1,0.10739668499971328,30.0,4.93,0.0,65.1,12.4
242,0.428,6.358,7.0355,6,300,16.6,372.75,22.2,0.1029,30.0,4.93,0.0,52.9,11.22
243,0.428,6.393,7.0355,6,300,16.6,374.71,23.7,0.12757,30.0,4.93,0.0,7.8,5.19
244,0.431,5.593,7.9549,7,330,19.1,372.49,17.6,0.20608,22.0,5.86,0.0,76.5,12.5
245,0.431,5.605,7.9549,7,330,19.1,389.13,18.5,0.19133,22.0,5.86,0.0,70.2,18.46
246,0.431,6.108,8.0555,7,330,19.1,390.18,24.3,0.33983,22.0,5.86,0.0,34.9,9.16
247,0.431,6.226,8.0555,7,330,19.1,376.14,20.5,0.19657,22.0,5.86,0.0,79.2,10.15
248,0.431,6.433,7.8265,7,330,19.1,374.71,24.5,0.16439,22.0,5.86,0.0,49.1,9.52
249,0.431,6.718,7.8265,7,330,19.1,393.74,26.2,0.19073,22.0,5.86,0.0,17.5,6.56
250,0.431,6.487,7.3967,7,330,19.1,396.28,24.4,0.1403,22.0,5.86,0.0,13.0,5.9
251,0.431,6.438,7.3967,7,330,19.1,377.07,24.8,0.21409,22.0,5.86,0.0,8.9,3.59
252,0.431,6.957,8.9067,7,330,19.1,386.09,29.6,0.08221,22.0,5.86,0.0,6.8,3.53
253,0.431,8.259,8.9067,7,330,19.1,396.9,42.8,0.36894,22.0,5.86,0.0,8.4,3.54
254,0.392,6.108,9.2203,1,315,16.4,392.89,21.9,0.04819,80.0,3.64,0.0,32.0,6.57
255,0.392,5.876,9.2203,1,315,16.4,395.18,20.9,0.03548,80.0,3.64,0.0,19.1,9.25
256,0.394,7.454,6.3361,3,244,15.9,386.34,44.0,0.01538,90.0,3.75,0.0,34.2,3.11
257,0.647,8.704,1.801,5,264,13.0,389.7,50.0,0.61154,20.0,3.97,0.0,86.9,5.12
258,0.647,7.333,1.8946,5,264,13.0,383.29,36.0,0.66351,20.0,3.97,0.0,100.0,7.79
259,0.647,6.842,2.0107,5,264,13.0,391.93,30.1,0.65665,20.0,3.97,0.0,100.0,6.9
260,0.647,7.203,2.1121,5,264,13.0,392.8,33.8,0.54011,20.0,3.97,0.0,81.8,9.59
261,0.647,7.52,2.1398,5,264,13.0,388.37,43.1,0.53412,20.0,3.97,0.0,89.4,7.26
262,0.647,8.398,2.2885,5,264,13.0,386.86,48.8,0.7497461093907423,20.0,3.97,0.0,91.5,5.91
263,0.647,7.327,2.0788,5,264,13.0,393.42,31.0,0.82526,20.0,3.97,0.0,94.5,11.25
264,0.647,7.206,1.9301,5,264,13.0,387.89,36.5,0.55007,20.0,3.97,0.0,91.6,8.1
265,0.647,5.56,1.9865,5,264,13.0,392.4,22.8,0.76162,20.0,3.97,0.0,62.8,10.45
266,0.647,7.014,2.1329,5,264,13.0,384.07,30.7,0.7857,20.0,3.97,0.0,84.6,14.79
267,0.575,8.297,2.4216,5,264,13.0,384.54,50.0,0.57834,20.0,3.97,0.0,67.0,7.44
268,0.575,7.47,2.872,5,264,13.0,390.3,43.5,0.5405,20.0,3.97,0.0,52.6,3.16
269,0.464,5.92,3.9175,3,223,18.6,391.34,20.7,0.09065,20.0,6.96,1.0,61.5,13.65
270,0.464,5.856,4.429,3,223,18.6,388.65,21.1,0.29916,20.0,6.96,0.0,42.1,13.0
271,0.464,6.24,4.429,3,223,18.6,396.9,25.2,0.16211,20.0,6.96,0.0,16.3,9.958523197675342
272,0.464,6.538,3.9175,3,223,18.6,394.96,24.4,0.1146,20.0,6.96,0.0,58.7,7.73
273,0.464,7.691,4.3665,3,223,18.6,390.77,35.2,0.22188,20.0,6.96,1.0,51.8,6.58
274,0.447,6.758,4.0776,4,254,17.6,396.9,32.4,0.05644,40.0,6.41,1.0,32.9,3.53
275,0.447,6.854,4.2673,4,254,17.6,396.9,32.0,0.09604,40.0,6.41,0.0,42.8,2.98
276,0.447,7.267,4.7872,4,254,17.6,389.25,33.2,0.10469,40.0,6.41,1.0,49.0,6.05
277,0.447,6.826,4.8628,4,254,17.6,393.45,33.1,0.06127,40.0,6.41,1.0,27.6,7.745237226592513
278,0.447,6.482,4.1403,4,254,17.6,396.9,29.1,0.07978,40.0,6.41,0.0,32.1,7.19
279,0.4429,6.812,4.1007,5,216,14.9,396.9,35.1,0.21038,20.0,3.33,0.0,32.2,4.85
280,0.4429,7.82,4.6947,5,216,14.9,387.31,45.4,0.03578,20.0,3.33,0.0,64.5,3.76
281,0.4429,6.968,5.2447,5,216,14.9,392.23,35.4,0.03705,20.0,3.33,0.0,69.30795188965939,4.59
282,0.4429,7.645,5.2119,5,216,14.9,377.07,46.0,0.06129,20.0,3.33,1.0,49.7,3.01
283,0.401,7.923,5.885,1,198,13.6,395.52,50.0,0.01501,90.0,1.21,1.0,24.8,3.16
284,0.4,7.088,7.3073,1,285,15.3,394.72,32.2,0.00906,90.0,2.97,0.0,20.8,7.85
285,0.389,6.453,7.3073,1,300,15.3,394.72,22.0,0.01096,55.0,2.25,0.0,31.9,8.23
286,0.385,6.23,9.0892,1,241,18.2,341.6,20.1,0.01965,80.0,1.76,0.0,30.042748647268418,12.93
287,0.405,6.209,7.3172,6,293,16.6,396.9,23.2,0.03871,52.5,5.32,0.0,31.3,7.14
288,0.405,6.315,7.3172,6,293,16.6,396.9,22.3,0.04832401856208744,52.5,5.32,0.0,45.6,7.6
289,0.405,6.565,7.3172,6,293,16.6,371.72,24.8,0.04297,52.5,5.32,0.0,22.9,9.51
290,0.411,6.861,5.1167,4,245,19.2,396.9,28.5,0.03502,80.0,4.95,0.0,27.9,3.33
291,0.411,7.148,5.1167,4,245,19.2,396.9,37.3,0.07886,80.0,4.95,0.0,27.7,3.56
292,0.411,6.63,5.1167,4,245,19.2,396.9,27.9,0.03615,80.0,4.95,0.0,23.4,4.7
293,0.437,6.127,5.5027,4,289,16.0,396.9,23.9,0.08265,0.0,13.92,0.0,18.4,8.58
294,0.437,6.009,5.5027,4,289,16.0,396.9,21.7,0.08199,0.0,13.92,0.0,42.3,10.4
295,0.437,6.678,5.9604,4,289,16.0,396.9,28.6,0.12932,0.0,13.92,0.0,31.1,6.27
296,0.437,6.549,5.9604,4,289,16.0,392.85,27.1,0.05372,0.0,13.92,0.0,51.0,7.39
297,0.437,5.79,6.32,4,289,16.0,396.9,20.3,0.14103,0.0,13.92,0.0,58.0,15.84
298,0.4,6.345,7.8278,5,358,14.8,368.24,22.5,0.06466,70.0,2.24,0.0,20.1,4.97
299,0.4,7.041,7.8278,5,358,14.8,371.58,29.0,0.05561,70.0,2.24,0.0,10.0,4.74
300,0.4,6.871,7.8278,5,358,14.8,390.86,24.8,0.04417,70.0,2.24,0.0,47.4,6.07
301,0.433,6.59,5.4917,7,329,16.1,395.75,22.0,0.03537,70.0,6.09,0.0,40.4,9.5
302,0.433,6.495,5.4917,7,329,16.1,383.61,26.4,0.07568293702134907,34.0,6.09,0.0,18.4,8.67
303,0.433,6.982,5.4917,7,329,16.1,390.43,33.1,0.1,34.0,6.09,0.0,17.7,4.86
304,0.472,7.236,4.022,7,222,18.4,393.68,36.1,0.05515,33.0,2.18,0.0,41.1,6.93
305,0.472,6.616,3.37,7,222,18.4,393.36,28.4,0.05479,33.0,2.18,0.0,58.1,8.93
306,0.472,7.42,3.0992,7,222,18.4,396.9,33.4,0.07503,33.0,2.18,0.0,71.9,6.47
307,0.472,6.849,3.1827,7,222,18.4,396.9,28.2,0.04932,33.0,2.18,0.0,70.3,7.53
308,0.544,6.635,3.3175,4,304,18.4,396.9,22.8,0.49298,0.0,9.9,0.0,82.5,4.54
309,0.544,5.972,3.1025,4,304,18.4,396.24,20.3,0.3494,0.0,9.9,0.0,76.7,9.97
310,0.544,4.973,2.5194,4,304,18.4,350.45,16.1,2.63548,0.0,9.9,0.0,37.8,12.64
311,0.544,6.122,2.6403,4,304,18.4,396.9,22.1,0.79041,0.0,9.9,0.0,52.8,5.98
312,0.544,6.023,2.834,4,304,18.4,396.3,19.4,0.26169,0.0,9.9,0.0,90.4,11.72
313,0.544,6.266,3.2628,4,304,18.4,393.39,21.6,0.26938,0.0,9.9,0.0,82.8,7.9
314,0.544,6.567,3.6023,4,304,18.4,395.69,23.8,0.3692,0.0,9.9,0.0,87.3,9.28
315,0.544,5.705,3.945,4,304,18.4,396.42,16.2,0.25356,0.0,9.9,0.0,77.7,11.5
316,0.544,5.914,3.9986,4,304,18.4,390.7,17.8,0.31827,0.0,9.9,0.0,73.07736795244176,18.33
317,0.544,5.782,4.0317,4,304,18.4,396.9,19.8,0.24522,0.0,9.9,0.0,71.7,15.94
318,0.544,6.382,3.5325,4,304,18.4,395.21,23.1,0.40202,0.0,9.9,0.0,67.2,10.36
319,0.544,6.113,4.0019,4,304,18.4,396.23,21.0,0.47547,0.0,9.9,0.0,58.8,12.73
320,0.493,6.426,4.5404,5,287,19.6,396.9,23.8,0.1676,0.0,7.38,0.0,52.3,7.2
321,0.493,6.376,4.5404,5,287,19.6,396.9,23.1,0.18159,0.0,7.38,0.0,54.3,6.87
322,0.493,6.041,4.7211,5,287,19.6,396.9,20.4,0.35114,0.0,7.38,0.0,49.9,7.7
323,0.493,5.708,4.7211,5,287,19.6,391.13,18.5,0.28392,0.0,7.38,0.0,74.3,11.74
324,0.493,6.415,4.7211,5,287,19.6,396.9,25.0,0.34109,0.0,7.38,0.0,40.1,6.12
325,0.493,6.431,5.4159,5,287,19.6,393.68,24.6,0.19186,0.0,7.38,0.0,14.7,5.08
326,0.493,6.312,5.4159,5,287,19.6,396.9,23.0,0.30347,0.0,7.38,0.0,28.9,6.15
327,0.493,6.083,5.4159,5,287,19.6,396.9,22.2,0.24103,0.0,7.38,0.0,43.7,12.79
328,0.46,5.868,5.2146,4,430,16.9,382.44,19.3,0.06617,0.0,3.24,0.0,25.8,9.97
329,0.46,6.333,5.2146,4,430,16.9,375.21,22.6,0.06724,0.0,3.24,0.0,17.2,7.34
330,0.46,6.144,5.8736,4,430,16.9,368.57,19.8,0.04544,0.0,3.24,0.0,32.2,9.09
331,0.4379,5.706,6.6407,1,304,16.9,394.02,17.1,0.05023,35.0,6.06,0.0,28.4,12.43
332,0.4379,6.031,6.6407,1,304,16.9,362.25,19.4,0.03466,35.0,6.06,0.0,23.3,7.83
333,0.515,6.316,6.4584,5,224,20.2,389.71,22.2,0.05083,0.0,5.19,0.0,38.1,5.68
334,0.515,6.31,6.4584,5,224,20.2,389.4,20.7,0.03738,0.0,5.19,0.0,38.5,6.75
335,0.515,6.037,5.9853,5,224,20.2,396.9,21.1,0.03961,0.0,5.19,0.0,34.5,8.01
336,0.515,5.869,5.2311,5,224,20.2,396.9,19.5,0.03427,0.0,5.19,0.0,46.3,9.8
337,0.515,5.895,5.615,5,224,20.2,394.81,18.5,0.03041,0.0,5.19,0.0,59.6,10.56
338,0.515,6.059,4.8122,5,224,20.2,396.14,20.6,0.03306,0.0,5.19,0.0,37.3,8.51
339,0.515,5.985,4.8122,5,224,20.2,396.9,19.0,0.05497,0.0,5.19,0.0,45.4,9.74
340,0.515,5.968,4.8122,5,224,20.2,396.9,18.7,0.06151,0.0,5.19,0.0,58.5,9.29
341,0.442,7.241,7.0379,1,284,15.5,394.74,32.7,0.01301,35.0,1.52,0.0,49.3,5.49
342,0.518,6.54,6.2669,1,422,15.9,389.96,16.5,0.02498,0.0,1.89,0.0,59.7,8.65
343,0.484,6.696,5.7321,5,370,17.6,396.9,23.9,0.02543,55.0,3.78,0.0,56.4,7.18
344,0.484,6.874,6.4654,5,370,17.6,387.97,31.2,0.03049,55.0,3.78,0.0,28.1,4.61
345,0.442,6.014,8.0136,3,352,18.8,385.64,17.5,0.03113,0.0,4.39,0.0,48.5,10.53
346,0.442,5.898,8.0136,3,352,18.8,364.61,17.2,0.06162,0.0,4.39,0.0,52.3,12.67
347,0.429,6.516,8.5353,4,351,17.9,392.43,23.1,0.0187,85.0,4.15,0.0,27.7,6.36
348,0.435,6.635,8.344,4,280,17.0,390.94,24.5,0.01501,80.0,2.01,0.0,29.7,5.99
349,0.429,6.939,8.7921,1,335,19.7,389.85,26.6,0.02899,40.0,1.25,0.0,34.5,5.646249234233216
350,0.429,6.49,8.7921,1,335,19.7,396.9,22.9,0.06211,40.0,1.25,0.0,44.4,4.412414040036251
351,0.411,6.579,10.7103,4,411,18.3,370.78,24.1,0.0795,60.0,1.69,0.0,35.9,5.49
352,0.411,5.884,10.7103,4,411,18.3,392.33,18.6,0.07244,60.0,1.69,0.0,18.5,7.79
353,0.41,6.728,12.1265,5,187,17.0,384.46,30.1,0.01709,90.0,2.02,0.0,36.1,4.5
354,0.413,5.663,10.5857,4,334,22.0,382.8,18.2,0.04301,80.0,1.91,0.0,21.9,8.05
355,0.413,5.936,10.5857,4,334,22.0,376.04,20.6,0.10659,80.0,1.91,0.0,56.947091111624694,5.57
356,0.77,6.212,2.1222,24,666,20.2,377.73,17.8,8.98296,0.0,18.1,1.0,97.4,17.6
357,0.77,6.395,2.5052,24,666,20.2,391.34,21.7,3.8497,0.0,18.1,1.0,91.0,13.27
358,0.77,6.127,2.7227,24,666,20.2,395.43,22.7,5.20177,0.0,18.1,1.0,83.4,11.48
359,0.77,6.112,2.5091,24,666,20.2,390.74,22.6,4.26131,0.0,18.1,0.0,81.3,12.67
360,0.77,6.398,2.5182,24,666,20.2,374.56,25.0,4.54192,0.0,18.1,0.0,88.0,7.79
361,0.77,6.251,2.2955,24,666,20.2,350.65,19.9,3.83684,0.0,18.1,0.0,91.1,14.19
362,0.77,5.362,2.1036,24,666,20.2,380.79,20.8,3.67822,0.0,18.1,0.0,96.2,10.19
363,0.77,5.803,1.9047,24,666,20.2,353.04,16.8,4.22239,0.0,18.1,1.0,89.0,14.64
364,0.718,8.78,1.9047,24,666,20.2,354.55,21.9,3.47428,0.0,18.1,1.0,82.9,5.29
365,0.718,3.561,1.6132,24,666,20.2,354.7,27.5,4.55587,0.0,18.1,0.0,87.9,7.12
366,0.718,4.963,1.7523,24,666,20.2,316.03,21.9,3.69695,0.0,18.1,0.0,91.4,14.0
367,0.631,3.863,1.5106,24,666,20.2,131.42,23.1,13.5222,0.0,18.1,0.0,100.0,13.33
368,0.631,4.97,1.3325,24,666,20.2,375.52,50.0,4.89822,0.0,18.1,0.0,100.1869307833908,3.26
369,0.631,6.683,1.3567,24,666,20.2,375.33,50.0,2.8517742659432597,0.0,18.1,1.0,96.8,3.73
370,0.631,7.016,1.2024,24,666,20.2,392.05,50.0,6.53876,0.0,18.1,1.0,97.5,2.96
371,0.631,6.216,1.1691,24,666,20.2,366.15,50.0,9.2323,0.0,18.1,0.0,100.0,9.53
372,0.668,5.875,1.1296,24,666,20.2,347.88,50.0,8.26725,0.0,18.1,1.0,89.6,8.88
373,0.668,4.906,1.1742,24,666,20.2,396.9,13.8,11.1081,0.0,18.1,0.0,100.0,34.77
374,0.668,4.138,1.137,24,666,20.2,396.9,13.8,18.4982,0.0,18.1,0.0,100.0,37.97
375,0.671,7.313,1.3163,24,666,20.2,396.9,15.0,19.6091,0.0,18.1,0.0,97.9,13.44
376,0.671,6.649,1.3449,24,666,20.2,363.02,13.9,15.288,0.0,18.1,0.0,93.3,11.511982813571423
377,0.671,6.794,1.358,24,666,20.2,396.9,13.3,9.82349,0.0,18.1,0.0,98.8,21.24
378,0.671,6.38,1.3861,24,666,20.2,396.9,13.1,23.6482,0.0,18.1,0.0,96.2,23.69
379,0.671,6.223,1.3861,24,666,20.2,393.74,10.2,17.8667,0.0,18.1,0.0,100.0,21.78
380,0.671,6.968,1.4165,24,666,20.2,396.9,10.4,88.9762,0.0,18.1,0.0,91.9,17.21
381,0.671,6.545,1.5192,24,666,20.2,396.9,10.9,15.8744,0.0,18.1,0.0,99.1,21.08
382,0.7,5.536,1.5804,24,666,20.2,396.9,11.3,9.18702,0.0,18.1,0.0,100.0,23.6
383,0.7,5.52,1.5331,24,666,20.2,396.9,12.3,7.99248,0.0,18.1,0.0,100.0,27.33352202124334
384,0.7,4.368,1.4395,24,666,20.2,285.83,8.8,20.0849,0.0,18.1,0.0,91.2,30.63
385,0.7,5.277,1.4261,24,666,20.2,396.9,7.2,16.8118,0.0,18.1,0.0,98.1,30.81
386,0.7,4.652,1.4672,24,666,20.2,396.9,10.5,24.3938,0.0,18.1,0.0,100.0,28.28
387,0.7,5.0,1.5184,24,666,20.2,396.9,7.4,22.5971,0.0,18.1,0.0,89.5,31.99
388,0.7,4.88,1.5895,24,666,20.2,372.92,10.2,14.3337,0.0,18.1,0.0,100.0,30.62
389,0.7,5.39,1.7281,24,666,20.2,396.9,11.5,8.15174,0.0,18.1,0.0,98.9,20.85
390,0.7,5.713,1.9265,24,666,20.2,394.43,15.1,6.96215,0.0,18.1,0.0,97.0,17.11
391,0.7,6.051,2.1678,24,666,20.2,378.38,23.2,5.29305,0.0,18.1,0.0,82.5,18.76
392,0.7,5.036,1.77,24,666,20.2,396.9,9.7,11.5779,0.0,18.1,0.0,97.0,25.68
393,0.693,6.193,1.7912,24,666,20.2,396.9,13.8,14.167872917940853,0.0,18.1,0.0,92.6,15.17
394,0.693,5.887,1.7821,24,666,20.2,396.9,12.7,11.596060953630612,0.0,18.1,0.0,94.7,16.35
395,0.693,6.471,1.7257,24,666,20.2,391.98,13.1,8.71675,0.0,18.1,0.0,98.8,17.12
396,0.693,6.405,1.6768,24,666,20.2,396.9,12.5,5.87205,0.0,18.1,0.0,96.0,19.37
397,0.693,5.747,1.6334,24,666,20.2,393.1,8.5,7.67202,0.0,18.1,0.0,98.9,19.92
398,0.693,5.453,1.4896,24,666,20.2,396.9,5.0,38.3518,0.0,18.1,0.0,100.0,30.59
399,0.693,5.852,1.5004,24,666,20.2,338.16,6.3,9.91655,0.0,18.1,0.0,77.8,29.97
400,0.693,5.987,1.5888,24,666,20.2,396.9,5.6,25.0461,0.0,18.1,0.0,100.0,26.77
401,0.693,6.343,1.5741,24,666,20.2,396.9,7.2,14.2362,0.0,18.1,0.0,100.0,20.32
402,0.693,6.404,1.639,24,666,20.2,376.11,12.1,9.59571,0.0,18.1,0.0,100.0,20.31
403,0.693,5.349,1.7028,24,666,20.2,396.9,8.3,24.8017,0.0,18.1,0.0,96.0,19.77
404,0.693,5.531,1.6074,24,666,20.2,329.46,8.5,41.5292,0.0,18.1,0.0,85.4,27.38
405,0.693,5.683,1.4254,24,666,20.2,384.97,5.0,67.9208,0.0,18.1,0.0,100.0,22.98
406,0.659,4.138,1.1781,24,666,20.2,370.22,11.9,20.7162,0.0,18.1,0.0,100.0,23.34
407,0.659,5.608,1.2852,24,666,20.2,332.09,27.9,11.9511,0.0,18.1,0.0,100.0,26.180855958685434
408,0.597,5.617,1.4547,24,666,20.2,314.64,17.2,7.40389,0.0,18.1,0.0,97.9,26.4
409,0.597,6.852,1.4655,24,666,20.2,179.36,27.5,36.44681280919681,0.0,18.1,0.0,100.0,19.78
410,0.597,5.757,1.413,24,666,20.2,2.6,15.0,51.1358,0.0,18.1,0.0,100.0,10.11
411,0.597,6.657,1.5275,24,666,20.2,35.05,17.2,14.0507,0.0,18.1,0.0,100.0,21.22
412,0.597,4.628,1.5539,24,666,20.2,28.79,17.9,18.811,0.0,18.1,0.0,100.0,34.37
413,0.597,5.155,1.5894,24,666,20.2,210.97,16.3,28.6558,0.0,18.1,0.0,100.0,20.08
414,0.693,4.519,1.6582,24,666,20.2,88.27,7.0,45.7461,0.0,18.1,0.0,100.0,36.98
415,0.679,6.434,1.8347,24,666,20.2,27.25,7.2,18.0846,0.0,18.1,0.0,100.0,29.05
416,0.679,6.782,1.8195,24,666,20.2,21.57,7.5,10.8342,0.0,18.1,0.0,90.8,25.79
417,0.679,5.304,1.6475,24,666,20.2,127.36,10.4,25.9406,0.0,18.1,0.0,89.1,26.64
418,0.679,5.957,1.8026,24,666,20.2,16.45,8.8,73.5341,0.0,18.1,0.0,100.0,20.62
419,0.718,6.824,1.794,24,666,20.2,48.45,8.4,11.8123,0.0,18.1,0.0,76.5,22.74
420,0.718,6.411,1.8589,24,666,20.2,318.75,16.7,11.0874,0.0,18.1,0.0,100.0,15.02
421,0.718,6.006,1.8746,24,666,20.2,319.98,14.2,7.02259,0.0,18.1,0.0,95.3,15.7
422,0.614,5.648,1.9512,24,666,20.2,291.55,20.8,12.0482,0.0,18.1,0.0,87.6,14.1
423,0.614,6.103,2.0218,24,666,20.2,2.52,13.4,7.05042,0.0,18.1,0.0,70.97231695114071,23.29
424,0.584,5.565,2.0635,24,666,20.2,3.65,11.7,8.79212,0.0,18.1,0.0,70.6,17.16
425,0.679,5.896,1.9096,24,666,20.2,7.68,8.3,15.8603,0.0,18.1,0.0,95.4,24.39
426,0.584,5.837,1.9976,24,666,20.2,24.65,10.2,34.796720610370976,0.0,18.1,0.0,59.7,15.69
427,0.679,6.202,1.8629,24,666,20.2,18.82,10.9,37.6619,0.0,18.1,0.0,78.7,14.52
428,0.679,6.193,1.9356,24,666,20.2,96.73,11.0,7.36711,0.0,18.1,0.0,78.1,21.52
429,0.679,6.38,1.9682,24,666,20.2,60.72,9.5,9.33889,0.0,18.1,0.0,78.43716976737329,24.08
430,0.584,6.348,2.0527,24,666,20.2,83.45,14.5,11.925763404748139,0.0,18.1,0.0,86.1,17.64
431,0.584,6.833,2.0882,24,666,20.2,81.33,14.1,10.0623,0.0,18.1,0.0,94.3,19.69
432,0.584,6.425,2.2004,24,666,20.2,97.95,16.1,6.44405,0.0,18.1,0.0,74.8,12.03
433,0.713,6.436,2.3158,24,666,20.2,100.19,14.3,5.58107,0.0,18.1,0.0,87.9,16.22
434,0.713,6.208,2.2222,24,666,20.2,100.63,11.7,13.9134,0.0,18.1,0.0,95.0,15.17
435,0.74,6.629,2.1247,24,666,20.2,109.85,13.4,11.1604,0.0,18.1,0.0,94.6,23.27
436,0.74,6.461,2.0026,24,666,20.2,27.49,9.6,14.4208,0.0,18.1,0.0,93.3,18.05
437,0.74,6.152,1.9142,24,666,20.2,9.32,8.7,15.1772,0.0,18.1,0.0,100.0,26.45
438,0.74,5.935,1.8206,24,666,20.2,68.95,8.4,13.6781,0.0,18.1,0.0,87.9,34.02
439,0.74,5.627,1.8172,24,666,20.2,396.9,12.8,9.39063,0.0,18.1,0.0,93.9,22.88
440,0.74,5.818,1.8662,24,666,20.2,391.45,10.5,22.0511,0.0,18.1,0.0,92.4,15.537169542183616
441,0.74,6.406,2.0651,24,666,20.2,385.96,17.1,9.72418,0.0,18.1,0.0,97.2,15.333059854325528
442,0.74,6.219,2.0048,24,666,20.2,395.69,18.4,5.66637,0.0,18.1,0.0,100.0,16.59
443,0.74,6.485,1.9784,24,666,20.2,386.73,15.4,9.96654,0.0,18.1,0.0,100.0,18.85
444,0.74,5.854,1.8956,24,666,20.2,240.52,10.8,12.8023,0.0,18.1,0.0,96.6,23.79
445,0.74,6.459,1.9879,24,666,20.2,43.06,11.8,10.6718,0.0,18.1,0.0,94.8,23.98
446,0.74,6.341,2.072,24,666,20.2,318.01,14.9,6.28807,0.0,18.1,0.0,96.4,17.79
447,0.74,6.251,2.198,24,666,20.2,388.52,12.6,9.92485,0.0,18.1,0.0,96.6,16.44
448,0.713,6.185,2.2616,24,666,20.2,396.9,14.1,9.32909,0.0,18.1,0.0,98.7,18.13
449,0.713,6.417,2.185,24,666,20.2,304.21,13.0,7.52601,0.0,18.1,0.0,98.3,19.31
450,0.713,6.749,2.3236,24,666,20.2,0.32,13.4,6.71772,0.0,18.1,0.0,92.6,17.44
451,0.713,6.655,2.3552,24,666,20.2,355.29,15.2,5.44114,0.0,18.1,0.0,89.23044159084415,17.73
452,0.713,6.297,2.3682,24,666,20.2,385.09,16.1,5.09017,0.0,18.1,0.0,91.8,17.27
453,0.713,7.393,2.4527,24,666,20.2,375.87,17.8,8.24809,0.0,18.1,0.0,99.3,16.74
454,0.713,6.728,2.4961,24,666,20.2,6.68,14.9,9.51363,0.0,18.1,0.0,94.1,18.71
455,0.713,6.525,2.4358,24,666,20.2,50.92,14.1,4.75237,0.0,18.1,0.0,86.5,18.13
456,0.713,5.976,2.5806,24,666,20.2,10.48,12.7,4.66883,0.0,18.1,0.0,87.9,19.01
457,0.713,5.936,2.7792,24,666,20.2,3.5,13.5,8.20058,0.0,18.1,0.0,80.3,16.94
458,0.713,6.301,2.7831,24,666,20.2,272.21,14.9,7.75223,0.0,18.1,0.0,83.7,16.23
459,0.713,6.081,2.7175,24,666,20.2,396.9,20.0,6.80117,0.0,18.1,0.0,84.4,14.7
460,0.713,6.701,2.5975,24,666,20.2,255.23,16.4,4.39439164168697,0.0,18.1,0.0,90.0,16.42
461,0.713,6.376,2.5671,24,666,20.2,391.43,17.7,3.69311,0.0,18.1,0.0,88.4,14.65
462,0.713,6.317,2.7344,24,666,20.2,396.9,19.5,6.65492,0.0,18.1,0.0,83.0,13.99
463,0.713,6.513,2.8016,24,666,20.2,393.82,20.2,5.82115,0.0,18.1,0.0,89.9,10.29
464,0.655,6.209,2.9634,24,666,20.2,396.9,21.4,7.83932,0.0,18.1,0.0,65.4,13.22
465,0.655,5.759,3.0665,24,666,20.2,334.4,19.9,6.5740778379563665,0.0,18.1,0.0,48.2,14.13
466,0.655,5.952,2.8715,24,666,20.2,22.01,19.0,3.77498,0.0,18.1,0.0,84.7,17.15
467,0.584,6.003,2.5403,24,666,20.2,331.29,19.1,4.42228,0.0,18.1,0.0,94.5,21.32
468,0.58,5.926,2.9084,24,666,20.2,368.74,19.1,15.5757,0.0,18.1,0.0,71.0,18.13
469,0.58,5.713,2.8237,24,666,20.2,396.9,20.1,13.0751,0.0,18.1,0.0,56.7,14.76
470,0.58,6.167,3.0334,24,666,20.2,396.9,19.9,4.34879,0.0,18.1,0.0,84.0,16.29
471,0.532,6.229,3.0993,24,666,20.2,395.33,19.6,4.03841,0.0,18.1,0.0,90.7,12.87
472,0.58,6.437,2.8965,24,666,20.2,393.37,23.2,3.56868,0.0,18.1,0.0,75.0,14.36
473,0.614,6.98,2.5329,24,666,20.2,374.68,29.8,4.64689,0.0,18.1,0.0,67.6,15.17486249656615
474,0.584,5.427,2.4298,24,666,20.2,352.58,13.8,8.05579,0.0,18.1,0.0,95.4,18.14
475,0.584,6.162,2.206,24,666,20.2,302.76,13.3,6.39312,0.0,18.1,0.0,97.4,24.1
476,0.614,6.484,2.3053,24,666,20.2,396.21,16.7,4.87141,0.0,18.1,0.0,93.6,18.68
477,0.614,5.304,2.1007,24,666,20.2,349.48,12.0,15.0234,0.0,18.1,0.0,97.3,24.91
478,0.614,6.185,2.1705,24,666,20.2,379.7,14.6,10.233,0.0,18.1,0.0,96.7,18.03
479,0.614,6.229,1.9512,24,666,20.2,383.32,21.4,14.3337,0.0,18.1,0.0,88.0,13.11
480,0.532,6.242,3.4242,24,666,20.2,396.9,23.0,5.82401,0.0,18.1,0.0,64.7,10.74
481,0.532,6.75,3.3317,24,666,20.2,393.07,23.7,5.70818,0.0,18.1,0.0,74.9,7.74
482,0.532,7.061,3.4106,24,666,20.2,395.28,25.0,5.73116,0.0,18.1,0.0,77.0,7.01
483,0.532,5.762,4.0983,24,666,20.2,392.92,21.8,2.81838,0.0,18.1,0.0,40.3,10.42
484,0.583,5.871,3.724,24,666,20.2,370.73,20.6,2.37857,0.0,18.1,0.0,41.9,13.34
485,0.583,6.312,3.9917,24,666,20.2,388.62,21.2,3.67367,0.0,18.1,0.0,51.9,10.58
486,0.583,6.114,3.5459,24,666,20.2,392.68,19.1,5.69175,0.0,18.1,0.0,79.8,14.98
487,0.583,5.905,3.1523,24,666,20.2,388.22,20.6,4.83567,0.0,18.1,0.0,53.2,11.45
488,0.609,5.454,1.8209,4,711,20.1,395.09,15.2,0.15086,0.0,27.74,0.0,92.7,18.06
489,0.609,5.414,1.7554,4,711,20.1,344.05,7.0,0.18337,0.0,27.74,0.0,98.3,23.97
490,0.609,5.093,1.8226,4,711,20.1,318.43,8.1,0.20746,0.0,27.74,0.0,98.0,29.68
491,0.609,5.983,1.8681,4,711,20.1,390.11,13.6,0.10574,0.0,27.74,0.0,98.8,18.07
492,0.609,5.983,2.1099,4,711,20.1,396.9,20.1,0.11132,0.0,27.74,0.0,83.5,13.35
493,0.585,5.707,2.3817,6,391,19.2,396.9,21.8,0.17331,0.0,9.69,0.0,54.0,12.01
494,0.585,5.926,2.3817,6,391,19.2,396.9,24.5,0.27957,0.0,9.69,0.0,42.6,13.59
495,0.585,5.67,2.7986,6,391,19.2,393.29,23.1,0.17899,0.0,9.69,0.0,28.8,17.6
496,0.585,5.39,2.7986,6,391,19.2,396.9,19.7,0.2896,0.0,9.69,0.0,72.9,21.14
497,0.585,5.794,2.8927,6,391,19.2,396.9,18.3,0.26838,0.0,9.69,0.0,70.6,14.1
498,0.585,6.019,2.4091,6,391,19.2,396.9,21.2,0.23912,0.0,9.69,0.0,65.3,12.92
499,0.585,5.569,2.3999,6,391,19.2,395.77,17.5,0.17783,0.0,9.69,0.0,73.5,15.1
500,0.585,6.027,2.4982,6,391,19.2,396.9,16.8,0.22438,0.0,9.69,0.0,79.7,14.33
501,0.573,6.593,2.4786,1,273,21.0,391.99,22.4,0.06263,0.0,11.93,0.0,69.1,12.225951737707051
502,0.573,6.12,2.2875,1,273,21.0,396.9,20.6,0.04527,0.0,11.93,0.0,76.7,9.08
503,0.573,6.976,2.1675,1,273,21.0,396.9,23.9,0.06076,0.0,11.93,0.0,91.0,5.64
504,0.573,6.794,2.3889,1,273,21.0,393.45,22.0,0.10959,0.0,11.93,0.0,89.3,6.48